Fecha_Simple,Turno,Minutos,Analistas_Reales,Registros,Capacidad_Dinamica,Utilizacion_Diaria,Nivel_Presion
2025-01-01,B,90.5,2,4,960,0.09427083333333333,Baja
2025-01-01,C,2893.2,8,203,3840,0.7534375,Media
2025-01-02,A,3821.4,11,321,5280,0.72375,Media
2025-01-02,B,3914.5,10,335,4800,0.8155208333333334,Media
2025-01-02,C,3005.6,9,192,4320,0.6957407407407408,Baja
2025-01-03,A,5133.3,11,440,5280,0.9722159090909092,Alta presión
2025-01-03,B,3999.1,10,285,4800,0.8331458333333334,Media
2025-01-03,C,3926.2,8,269,3840,1.0224479166666667,Saturado
2025-01-04,A,4129.5,10,309,4800,0.8603125,Alta presión
2025-01-04,B,3979.2,9,307,4320,0.9211111111111111,Alta presión
2025-01-04,C,3641.4,8,252,3840,0.9482812500000001,Alta presión
2025-01-05,A,4224.2,11,340,5280,0.8000378787878788,Media
2025-01-05,B,4547.0,9,311,4320,1.0525462962962964,Saturado
2025-01-05,C,3613.8,8,247,3840,0.9410937500000001,Alta presión
2025-01-06,A,4742.0,12,390,5760,0.8232638888888889,Media
2025-01-06,B,3762.6,10,302,4800,0.783875,Media
2025-01-06,C,3306.1,8,252,3840,0.8609635416666667,Alta presión
2025-01-07,A,5009.9,11,396,5280,0.9488446969696969,Alta presión
2025-01-07,B,4527.5,9,343,4320,1.0480324074074074,Saturado
2025-01-07,C,3354.6,9,234,4320,0.7765277777777777,Media
2025-01-08,A,5812.3,12,389,5760,1.0090798611111111,Saturado
2025-01-08,B,4026.0,9,314,4320,0.9319444444444445,Alta presión
2025-01-08,C,3566.9,8,250,3840,0.9288802083333334,Alta presión
2025-01-09,A,5277.2,13,445,6240,0.8457051282051282,Media
2025-01-09,B,3699.9,10,283,4800,0.7708125,Media
2025-01-09,C,4370.7,8,296,3840,1.138203125,Saturado
2025-01-10,A,5049.1,12,417,5760,0.8765798611111112,Alta presión
2025-01-10,B,4192.0,9,299,4320,0.9703703703703703,Alta presión
2025-01-10,C,3556.2,8,273,3840,0.9260937499999999,Alta presión
2025-01-11,A,3336.8,9,256,4320,0.7724074074074074,Media
2025-01-11,B,3967.8,9,289,4320,0.9184722222222222,Alta presión
2025-01-11,C,3725.7,8,267,3840,0.970234375,Alta presión
2025-01-12,A,4874.2,13,380,6240,0.7811217948717949,Media
2025-01-12,B,3996.0,9,277,4320,0.925,Alta presión
2025-01-12,C,3271.0,8,246,3840,0.8518229166666667,Alta presión
2025-01-13,A,4213.2,13,345,6240,0.6751923076923076,Baja
2025-01-13,B,3773.6,9,268,4320,0.8735185185185185,Alta presión
2025-01-13,C,3525.1,8,275,3840,0.9179947916666666,Alta presión
2025-01-14,A,4846.0,12,411,5760,0.8413194444444444,Media
2025-01-14,B,3788.9,9,262,4320,0.8770601851851852,Alta presión
2025-01-14,C,2784.4,9,191,4320,0.644537037037037,Baja
2025-01-15,A,4755.2,13,326,6240,0.762051282051282,Media
2025-01-15,B,3779.5,11,280,5280,0.715814393939394,Media
2025-01-15,C,3030.4,8,231,3840,0.7891666666666667,Media
2025-01-16,A,5027.5,13,435,6240,0.8056891025641025,Media
2025-01-16,B,3169.8,9,232,4320,0.73375,Media
2025-01-16,C,3266.8,8,216,3840,0.8507291666666668,Alta presión
2025-01-17,A,5195.6,12,431,5760,0.902013888888889,Alta presión
2025-01-17,B,3508.6,9,263,4320,0.8121759259259259,Media
2025-01-17,C,3117.7,8,246,3840,0.8119010416666667,Media
2025-01-18,A,3472.5,10,259,4800,0.7234375,Media
2025-01-18,B,3138.1,9,248,4320,0.726412037037037,Media
2025-01-18,C,3644.1,9,258,4320,0.8435416666666666,Media
2025-01-19,A,5503.8,13,402,6240,0.8820192307692308,Alta presión
2025-01-19,B,3889.6,9,265,4320,0.9003703703703704,Alta presión
2025-01-19,C,4364.1,8,293,3840,1.136484375,Saturado
2025-01-20,A,5020.1,13,374,6240,0.8045032051282052,Media
2025-01-20,B,4090.7,11,298,5280,0.7747537878787878,Media
2025-01-20,C,4344.6,8,307,3840,1.1314062500000002,Saturado
2025-01-21,A,5945.0,12,414,5760,1.0321180555555556,Saturado
2025-01-21,B,4631.7,10,338,4800,0.9649375,Alta presión
2025-01-21,C,4127.6,8,289,3840,1.0748958333333334,Saturado
2025-01-22,A,5671.8,12,360,5760,0.9846875,Alta presión
2025-01-22,B,4973.0,10,310,4800,1.0360416666666667,Saturado
2025-01-22,C,3951.0,8,279,3840,1.02890625,Saturado
2025-01-23,A,4345.5,12,352,5760,0.7544270833333333,Media
2025-01-23,B,3895.1,11,283,5280,0.7377083333333333,Media
2025-01-23,C,4497.3,8,286,3840,1.171171875,Saturado
2025-01-24,A,4575.0,12,368,5760,0.7942708333333334,Media
2025-01-24,B,4974.4,10,305,4800,1.0363333333333333,Saturado
2025-01-24,C,4735.1,9,329,4320,1.096087962962963,Saturado
2025-01-25,A,5488.8,10,341,4800,1.1435,Saturado
2025-01-25,B,4008.2,10,267,4800,0.8350416666666667,Media
2025-01-25,C,3786.5,8,254,3840,0.9860677083333333,Alta presión
2025-01-26,A,5358.2,11,364,5280,1.0148106060606061,Saturado
2025-01-26,B,5078.2,10,308,4800,1.0579583333333333,Saturado
2025-01-26,C,3704.9,9,254,4320,0.8576157407407408,Alta presión
2025-01-27,A,7557.2,13,498,6240,1.2110897435897436,Saturado
2025-01-27,B,4298.4,10,320,4800,0.8955,Alta presión
2025-01-27,C,4220.1,8,291,3840,1.0989843750000001,Saturado
2025-01-28,A,4637.1,11,391,5280,0.8782386363636364,Alta presión
2025-01-28,B,4622.7,10,315,4800,0.9630624999999999,Alta presión
2025-01-28,C,3624.9,8,224,3840,0.943984375,Alta presión
2025-01-29,A,5436.1,15,377,7200,0.755013888888889,Media
2025-01-29,B,6617.8,10,402,4800,1.3787083333333334,Saturado
2025-01-29,C,4203.2,8,291,3840,1.0945833333333332,Saturado
2025-01-30,A,5395.8,16,366,7680,0.702578125,Media
2025-01-30,B,3973.1,14,310,6720,0.591235119047619,Baja
2025-01-30,C,3977.3,8,243,3840,1.0357552083333335,Saturado
2025-01-31,A,6253.7,13,449,6240,1.002195512820513,Saturado
2025-01-31,B,4900.8,9,307,4320,1.1344444444444446,Saturado
2025-01-31,C,4392.1,8,292,3840,1.1437760416666667,Saturado
2025-02-01,A,5214.0,10,333,4800,1.08625,Saturado
2025-02-01,B,4096.1,9,286,4320,0.9481712962962964,Alta presión
2025-02-01,C,3399.6,9,214,4320,0.7869444444444444,Media
2025-02-02,A,5630.9,12,388,5760,0.9775868055555554,Alta presión
2025-02-02,B,5005.9,9,302,4320,1.158773148148148,Saturado
2025-02-02,C,3699.1,8,235,3840,0.9633072916666666,Alta presión
2025-02-03,A,5373.5,12,395,5760,0.9328993055555556,Alta presión
2025-02-03,B,4639.3,9,317,4320,1.073912037037037,Saturado
2025-02-03,C,3365.9,8,248,3840,0.8765364583333334,Alta presión
2025-02-04,A,6384.1,11,441,5280,1.2091098484848486,Saturado
2025-02-04,B,4062.5,10,269,4800,0.8463541666666666,Media
2025-02-04,C,3353.6,9,244,4320,0.7762962962962963,Media
2025-02-05,A,6035.1,11,378,5280,1.1430113636363637,Saturado
2025-02-05,B,4485.7,9,315,4320,1.0383564814814814,Saturado
2025-02-05,C,2920.3,9,227,4320,0.6759953703703704,Baja
2025-02-06,A,4094.5,11,352,5280,0.7754734848484849,Media
2025-02-06,B,3908.0,12,266,5760,0.6784722222222223,Baja
2025-02-06,C,3738.8,8,259,3840,0.9736458333333334,Alta presión
2025-02-07,A,4566.6,13,372,6240,0.7318269230769231,Media
2025-02-07,B,4217.0,10,324,4800,0.8785416666666667,Alta presión
2025-02-07,C,3260.5,8,237,3840,0.8490885416666667,Media
2025-02-08,A,5559.0,10,330,4800,1.158125,Saturado
2025-02-08,B,4013.5,12,275,5760,0.6967881944444444,Baja
2025-02-08,C,3403.6,8,262,3840,0.8863541666666667,Alta presión
2025-02-09,A,4802.6,10,311,4800,1.0005416666666667,Saturado
2025-02-09,B,5139.5,9,351,4320,1.189699074074074,Saturado
2025-02-09,C,3635.3,8,257,3840,0.9466927083333334,Alta presión
2025-02-10,A,4342.6,12,327,5760,0.7539236111111112,Media
2025-02-10,B,4885.4,12,322,5760,0.8481597222222221,Media
2025-02-10,C,3071.7,9,228,4320,0.7110416666666666,Media
2025-02-11,A,4658.3,12,402,5760,0.8087326388888889,Media
2025-02-11,B,3894.5,9,277,4320,0.9015046296296296,Alta presión
2025-02-11,C,3698.3,9,246,4320,0.856087962962963,Alta presión
2025-02-12,A,4916.2,13,344,6240,0.7878525641025641,Media
2025-02-12,B,3958.3,9,286,4320,0.9162731481481482,Alta presión
2025-02-12,C,3523.1,8,229,3840,0.9174739583333333,Alta presión
2025-02-13,A,5485.1,11,412,5280,1.038844696969697,Saturado
2025-02-13,B,4189.1,11,290,5280,0.7933901515151516,Media
2025-02-13,C,3972.2,8,271,3840,1.0344270833333333,Saturado
2025-02-14,A,5226.4,11,394,5280,0.9898484848484848,Alta presión
2025-02-14,B,4349.9,9,300,4320,1.0069212962962961,Saturado
2025-02-14,C,3769.4,8,251,3840,0.9816145833333334,Alta presión
2025-02-15,A,4168.7,12,308,5760,0.7237326388888888,Media
2025-02-15,B,3640.1,11,250,5280,0.6894128787878788,Baja
2025-02-15,C,2908.0,9,212,4320,0.6731481481481482,Baja
2025-02-16,A,5051.2,13,370,6240,0.8094871794871794,Media
2025-02-16,B,4151.3,10,265,4800,0.8648541666666667,Alta presión
2025-02-16,C,3187.8,8,230,3840,0.83015625,Media
2025-02-17,A,4453.0,12,335,5760,0.7730902777777777,Media
2025-02-17,B,4594.8,10,327,4800,0.95725,Alta presión
2025-02-17,C,3902.5,9,259,4320,0.9033564814814815,Alta presión
2025-02-18,A,5449.6,12,408,5760,0.9461111111111111,Alta presión
2025-02-18,B,3665.4,11,257,5280,0.6942045454545455,Baja
2025-02-18,C,3821.7999999999997,8,241,3840,0.9952604166666666,Alta presión
2025-02-19,A,5125.3,12,327,5760,0.8898090277777778,Alta presión
2025-02-19,B,5420.1,10,376,4800,1.1291875,Saturado
2025-02-19,C,4625.3,9,289,4320,1.0706712962962963,Saturado
2025-02-20,A,3852.4,12,337,5760,0.6688194444444444,Baja
2025-02-20,B,4766.0,11,294,5280,0.9026515151515152,Alta presión
2025-02-20,C,3888.1,8,229,3840,1.0125260416666666,Saturado
2025-02-21,A,5128.3,12,403,5760,0.8903298611111111,Alta presión
2025-02-21,B,5173.4,12,348,5760,0.8981597222222222,Alta presión
2025-02-21,C,3215.7,9,205,4320,0.744375,Media
2025-02-22,A,4256.0,11,298,5280,0.806060606060606,Media
2025-02-22,B,3861.3,9,292,4320,0.8938194444444445,Alta presión
2025-02-22,C,3390.2,8,210,3840,0.8828645833333333,Alta presión
2025-02-23,A,5252.6,11,378,5280,0.9948106060606061,Alta presión
2025-02-23,B,3802.7,10,263,4800,0.7922291666666667,Media
2025-02-23,C,3400.6,8,247,3840,0.8855729166666666,Alta presión
2025-02-24,A,4458.7,14,348,6720,0.6634970238095238,Baja
2025-02-24,B,4545.5,12,302,5760,0.7891493055555555,Media
2025-02-24,C,3302.8,8,244,3840,0.8601041666666667,Alta presión
2025-02-25,A,6715.0,14,483,6720,0.9992559523809523,Alta presión
2025-02-25,B,3967.4,14,385,6720,0.5903869047619048,Baja
2025-02-25,C,2879.7,8,184,3840,0.749921875,Media
2025-02-26,A,5228.9,15,368,7200,0.7262361111111111,Media
2025-02-26,B,3186.7,14,229,6720,0.4742113095238095,Baja
2025-02-26,C,3817.7,10,284,4800,0.7953541666666666,Media
2025-02-27,A,4983.6,16,431,7680,0.64890625,Baja
2025-02-27,B,4544.1,11,351,5280,0.8606250000000001,Alta presión
2025-02-27,C,3519.6,8,229,3840,0.9165625,Alta presión
2025-02-28,A,5461.4,13,419,6240,0.8752243589743589,Alta presión
2025-02-28,B,3627.1,12,249,5760,0.6297048611111111,Baja
2025-02-28,C,2984.4,8,217,3840,0.7771875,Media
2025-03-01,A,3820.9,10,276,4800,0.7960208333333334,Media
2025-03-01,B,3665.0,9,279,4320,0.8483796296296297,Media
2025-03-01,C,2863.7,9,197,4320,0.6628935185185185,Baja
2025-03-02,A,4062.7,11,321,5280,0.7694507575757575,Media
2025-03-02,B,3781.0,10,240,4800,0.7877083333333333,Media
2025-03-02,C,3197.0,8,231,3840,0.8325520833333333,Media
2025-03-03,A,4404.3,12,342,5760,0.7646354166666667,Media
2025-03-03,B,4051.6,11,282,5280,0.7673484848484848,Media
2025-03-03,C,3022.2,8,224,3840,0.78703125,Media
2025-03-04,A,4907.7,13,379,6240,0.7864903846153846,Media
2025-03-04,B,3936.9,11,268,5280,0.745625,Media
2025-03-04,C,3938.5,8,286,3840,1.0256510416666667,Saturado
2025-03-05,A,4305.8,12,301,5760,0.7475347222222223,Media
2025-03-05,B,4578.0,10,315,4800,0.95375,Alta presión
2025-03-05,C,3502.7,8,248,3840,0.9121614583333333,Alta presión
2025-03-06,A,4496.9,14,399,6720,0.6691815476190476,Baja
2025-03-06,B,4173.0,10,287,4800,0.869375,Alta presión
2025-03-06,C,3677.6,8,230,3840,0.9577083333333333,Alta presión
2025-03-07,A,4366.6,13,376,6240,0.699775641025641,Baja
2025-03-07,B,3727.9,10,257,4800,0.7766458333333334,Media
2025-03-07,C,3825.7,8,265,3840,0.9962760416666666,Alta presión
2025-03-08,A,4285.2,10,354,4800,0.8927499999999999,Alta presión
2025-03-08,B,3246.4,9,236,4320,0.7514814814814815,Media
2025-03-08,C,3417.1,8,251,3840,0.8898697916666667,Alta presión
2025-03-09,A,3951.3,11,328,5280,0.7483522727272728,Media
2025-03-09,B,4107.7,10,269,4800,0.8557708333333333,Alta presión
2025-03-09,C,3026.5,8,220,3840,0.7881510416666667,Media
2025-03-10,A,3532.2,12,326,5760,0.6132291666666666,Baja
2025-03-10,B,4396.1,10,321,4800,0.9158541666666667,Alta presión
2025-03-10,C,3413.6,8,252,3840,0.8889583333333333,Alta presión
2025-03-11,A,4468.0,12,347,5760,0.7756944444444445,Media
2025-03-11,B,3923.5,10,260,4800,0.8173958333333333,Media
2025-03-11,C,2798.7,8,223,3840,0.7288281249999999,Media
2025-03-12,A,4789.3,12,351,5760,0.8314756944444445,Media
2025-03-12,B,3168.1,9,230,4320,0.7333564814814815,Media
2025-03-12,C,3058.7,8,227,3840,0.7965364583333333,Media
2025-03-13,A,4984.4,13,389,6240,0.7987820512820513,Media
2025-03-13,B,3217.6,10,218,4800,0.6703333333333333,Baja
2025-03-13,C,4244.5,8,295,3840,1.1053385416666666,Saturado
2025-03-14,A,4712.0,12,359,5760,0.8180555555555555,Media
2025-03-14,B,3379.5,9,255,4320,0.7822916666666667,Media
2025-03-14,C,3589.8,8,259,3840,0.9348437500000001,Alta presión
2025-03-15,A,4794.4,10,320,4800,0.9988333333333332,Alta presión
2025-03-15,B,4497.3,10,287,4800,0.9369375000000001,Alta presión
2025-03-15,C,3583.0,8,227,3840,0.9330729166666667,Alta presión
2025-03-16,A,4854.1,11,358,5280,0.9193371212121213,Alta presión
2025-03-16,B,3846.1,11,268,5280,0.7284280303030303,Media
2025-03-16,C,3217.2,9,200,4320,0.7447222222222222,Media
2025-03-17,A,6308.0,13,427,6240,1.0108974358974359,Saturado
2025-03-17,B,3691.6,9,254,4320,0.854537037037037,Alta presión
2025-03-17,C,3503.6,8,248,3840,0.9123958333333333,Alta presión
2025-03-18,A,3701.0,10,295,4800,0.7710416666666666,Media
2025-03-18,B,4680.9,13,294,6240,0.7501442307692308,Media
2025-03-18,C,3169.0,8,223,3840,0.8252604166666667,Media
2025-03-19,A,5538.7,13,390,6240,0.8876121794871794,Alta presión
2025-03-19,B,4260.6,9,285,4320,0.9862500000000001,Alta presión
2025-03-19,C,3335.4,9,235,4320,0.7720833333333333,Media
2025-03-20,A,4865.2,12,399,5760,0.8446527777777777,Media
2025-03-20,B,4608.3,11,320,5280,0.8727840909090909,Alta presión
2025-03-20,C,3922.5,9,230,4320,0.9079861111111112,Alta presión
2025-03-21,A,5050.2,12,381,5760,0.8767708333333333,Alta presión
2025-03-21,B,3432.8,10,246,4800,0.7151666666666667,Media
2025-03-21,C,3490.3,8,237,3840,0.9089322916666667,Alta presión
2025-03-22,A,4077.1,10,300,4800,0.8493958333333333,Media
2025-03-22,B,5163.9,10,344,4800,1.0758124999999998,Saturado
2025-03-22,C,4199.4,8,271,3840,1.09359375,Saturado
2025-03-23,A,4391.8,12,319,5760,0.7624652777777778,Media
2025-03-23,B,3775.7,10,248,4800,0.7866041666666667,Media
2025-03-23,C,4140.2,8,265,3840,1.0781770833333333,Saturado
2025-03-24,A,5188.9,13,392,6240,0.8315544871794871,Media
2025-03-24,B,4115.9,10,264,4800,0.8574791666666666,Alta presión
2025-03-24,C,4178.4,8,278,3840,1.088125,Saturado
2025-03-25,A,4544.3,14,345,6720,0.6762351190476191,Baja
2025-03-25,B,3848.7,9,260,4320,0.8909027777777777,Alta presión
2025-03-25,C,3617.4,8,252,3840,0.94203125,Alta presión
2025-03-26,A,4862.4,12,334,5760,0.8441666666666666,Media
2025-03-26,B,4885.6,9,321,4320,1.1309259259259261,Saturado
2025-03-26,C,3918.2,10,257,4800,0.8162916666666666,Media
2025-03-27,A,5602.5,13,420,6240,0.8978365384615384,Alta presión
2025-03-27,B,3501.2,10,248,4800,0.7294166666666666,Media
2025-03-27,C,4111.9,8,287,3840,1.0708072916666667,Saturado
2025-03-28,A,5438.3,13,379,6240,0.8715224358974359,Alta presión
2025-03-28,B,3453.8,9,262,4320,0.7994907407407408,Media
2025-03-28,C,3806.0,9,293,4320,0.8810185185185185,Alta presión
2025-03-29,A,5168.4,10,364,4800,1.0767499999999999,Saturado
2025-03-29,B,2855.0,9,217,4320,0.6608796296296297,Baja
2025-03-29,C,3902.5,8,254,3840,1.0162760416666667,Saturado
2025-03-30,A,4572.8,11,336,5280,0.8660606060606061,Alta presión
2025-03-30,B,4465.6,9,293,4320,1.0337037037037038,Saturado
2025-03-30,C,3980.0,8,288,3840,1.0364583333333333,Saturado
2025-03-31,A,4970.2,11,389,5280,0.9413257575757575,Alta presión
2025-03-31,B,4812.8,9,326,4320,1.1140740740740742,Saturado
2025-03-31,C,3869.6,8,288,3840,1.0077083333333332,Saturado
2025-04-01,A,4723.3,13,382,6240,0.7569391025641026,Media
2025-04-01,B,3685.9,10,277,4800,0.7678958333333333,Media
2025-04-01,C,3646.7,8,256,3840,0.9496614583333333,Alta presión
2025-04-02,A,4530.9,12,322,5760,0.7866145833333332,Media
2025-04-02,B,3799.9,9,259,4320,0.8796064814814815,Alta presión
2025-04-02,C,3555.4,8,271,3840,0.9258854166666667,Alta presión
2025-04-03,A,3966.8,11,333,5280,0.7512878787878788,Media
2025-04-03,B,4039.1,10,307,4800,0.8414791666666667,Media
2025-04-03,C,3287.2,9,239,4320,0.7609259259259259,Media
2025-04-04,A,3473.2,10,308,4800,0.7235833333333332,Media
2025-04-04,B,4830.3,10,332,4800,1.0063125,Saturado
2025-04-04,C,4097.1,8,285,3840,1.0669531250000002,Saturado
2025-04-05,A,4704.6,10,351,4800,0.980125,Alta presión
2025-04-05,B,18.2,2,5,960,0.018958333333333334,Baja
2025-04-05,C,5749.6,9,376,4320,1.330925925925926,Saturado
2025-04-06,A,3861.6,12,294,5760,0.6704166666666667,Baja
2025-04-06,B,4304.4,10,297,4800,0.8967499999999999,Alta presión
2025-04-06,C,3825.1,8,257,3840,0.9961197916666666,Alta presión
2025-04-07,A,4218.0,13,324,6240,0.6759615384615385,Baja
2025-04-07,B,4735.3,13,331,6240,0.7588621794871795,Media
2025-04-07,C,3759.0,8,283,3840,0.97890625,Alta presión
2025-04-08,A,3963.9,10,343,4800,0.8258125000000001,Media
2025-04-08,B,4651.2,10,335,4800,0.969,Alta presión
2025-04-08,C,3801.7,8,277,3840,0.9900260416666666,Alta presión
2025-04-09,A,4290.7,12,296,5760,0.7449131944444444,Media
2025-04-09,B,4347.2,9,308,4320,1.0062962962962962,Saturado
2025-04-09,C,3055.6,8,219,3840,0.7957291666666666,Media
2025-04-10,A,4341.9,11,357,5280,0.8223295454545454,Media
2025-04-10,B,3431.2,11,270,5280,0.6498484848484848,Baja
2025-04-10,C,4122.5,8,279,3840,1.0735677083333333,Saturado
2025-04-11,A,4937.3,11,387,5280,0.935094696969697,Alta presión
2025-04-11,B,4005.9,9,288,4320,0.9272916666666667,Alta presión
2025-04-11,C,4100.3,8,282,3840,1.0677864583333334,Saturado
2025-04-12,A,4716.8,11,360,5280,0.8933333333333333,Alta presión
2025-04-12,B,3040.2,9,230,4320,0.70375,Media
2025-04-12,C,3533.3,8,245,3840,0.9201302083333334,Alta presión
2025-04-13,A,3731.6,11,320,5280,0.7067424242424242,Media
2025-04-13,B,3298.0,8,260,3840,0.8588541666666667,Alta presión
2025-04-13,C,3344.4,8,255,3840,0.8709375,Alta presión
2025-04-14,A,3608.2,12,322,5760,0.6264236111111111,Baja
2025-04-14,B,4082.2,9,315,4320,0.9449537037037037,Alta presión
2025-04-14,C,3547.2,8,290,3840,0.92375,Alta presión
2025-04-15,A,4152.4,14,363,6720,0.6179166666666666,Baja
2025-04-15,B,3098.6,10,246,4800,0.6455416666666667,Baja
2025-04-15,C,3555.3,8,261,3840,0.925859375,Alta presión
2025-04-16,A,3697.6,12,286,5760,0.6419444444444444,Baja
2025-04-16,B,3059.3,9,249,4320,0.7081712962962964,Media
2025-04-16,C,3572.4,8,266,3840,0.9303125,Alta presión
2025-04-17,A,3884.2,11,355,5280,0.7356439393939394,Media
2025-04-17,B,2656.3,9,221,4320,0.6148842592592593,Baja
2025-04-17,C,3348.6,8,225,3840,0.8720312499999999,Alta presión
2025-04-18,A,3611.2,11,324,5280,0.683939393939394,Baja
2025-04-18,B,3011.7,10,245,4800,0.6274375,Baja
2025-04-18,C,3855.6,8,291,3840,1.0040625,Saturado
2025-04-19,A,3709.7,10,249,4800,0.7728541666666666,Media
2025-04-19,B,2873.2,8,240,3840,0.7482291666666666,Media
2025-04-19,C,3527.7,9,249,4320,0.8165972222222222,Media
2025-04-20,A,3399.1,11,308,5280,0.6437689393939394,Baja
2025-04-20,B,2886.0,9,223,4320,0.6680555555555555,Baja
2025-04-20,C,2829.8,8,203,3840,0.7369270833333333,Media
2025-04-21,A,3284.8,13,292,6240,0.5264102564102564,Baja
2025-04-21,B,3532.8,9,282,4320,0.8177777777777778,Media
2025-04-21,C,2874.2,8,229,3840,0.7484895833333333,Media
2025-04-22,A,6121.3,12,466,5760,1.0627256944444445,Saturado
2025-04-22,B,3557.6,12,271,5760,0.6176388888888888,Baja
2025-04-22,C,2746.9,9,217,4320,0.6358564814814816,Baja
2025-04-23,A,4445.7,12,341,5760,0.7718229166666666,Media
2025-04-23,B,4354.9,9,324,4320,1.0080787037037036,Saturado
2025-04-23,C,3833.2,8,280,3840,0.9982291666666666,Alta presión
2025-04-24,A,4285.5,14,370,6720,0.6377232142857143,Baja
2025-04-24,B,3067.1,9,245,4320,0.7099768518518518,Media
2025-04-24,C,3677.1,8,262,3840,0.957578125,Alta presión
2025-04-25,A,4849.1,13,375,6240,0.777099358974359,Media
2025-04-25,B,4274.0,10,316,4800,0.8904166666666666,Alta presión
2025-04-25,C,4067.7,8,317,3840,1.059296875,Saturado
2025-04-26,A,3932.1,10,274,4800,0.8191875,Media
2025-04-26,B,3387.5,9,261,4320,0.7841435185185185,Media
2025-04-26,C,3445.2,8,237,3840,0.8971874999999999,Alta presión
2025-04-27,A,4181.4,11,315,5280,0.7919318181818181,Media
2025-04-27,B,3968.2,10,301,4800,0.8267083333333333,Media
2025-04-27,C,4740.9,8,336,3840,1.234609375,Saturado
2025-04-28,A,4068.4,12,322,5760,0.7063194444444445,Media
2025-04-28,B,4785.6,10,348,4800,0.9970000000000001,Alta presión
2025-04-28,C,4488.0,8,304,3840,1.16875,Saturado
2025-04-29,A,9041.5,11,612,5280,1.712405303030303,Saturado
2025-04-29,B,3635.2,10,326,4800,0.7573333333333333,Media
2025-04-29,C,4009.8,8,270,3840,1.04421875,Saturado
2025-04-30,A,4768.2,12,335,5760,0.8278125,Media
2025-04-30,B,4209.9,9,317,4320,0.9745138888888888,Alta presión
2025-04-30,C,3564.8,8,266,3840,0.9283333333333333,Alta presión
2025-05-01,A,4387.1,13,377,6240,0.7030608974358975,Media
2025-05-01,B,3538.8,10,267,4800,0.7372500000000001,Media
2025-05-01,C,4576.3,8,307,3840,1.1917447916666668,Saturado
2025-05-02,A,4511.0,11,344,5280,0.8543560606060606,Alta presión
2025-05-02,B,3846.1,11,293,5280,0.7284280303030303,Media
2025-05-02,C,3321.2999999999997,9,219,4320,0.7688194444444444,Media
2025-05-03,A,3501.7,9,255,4320,0.8105787037037037,Media
2025-05-03,B,3082.8,10,224,4800,0.64225,Baja
2025-05-03,C,3467.1,8,221,3840,0.902890625,Alta presión
2025-05-04,A,3835.1,10,275,4800,0.7989791666666667,Media
2025-05-04,B,3916.9,10,275,4800,0.8160208333333333,Media
2025-05-04,C,3865.1,8,272,3840,1.0065364583333334,Saturado
2025-05-05,A,4008.8,11,327,5280,0.7592424242424243,Media
2025-05-05,B,4174.9,9,341,4320,0.9664120370370369,Alta presión
2025-05-05,C,2710.4,8,215,3840,0.7058333333333333,Media
2025-05-06,A,4277.8,12,324,5760,0.7426736111111112,Media
2025-05-06,B,3416.4,9,264,4320,0.7908333333333334,Media
2025-05-06,C,3835.2,8,312,3840,0.9987499999999999,Alta presión
2025-05-07,A,3548.2,12,266,5760,0.6160069444444444,Baja
2025-05-07,B,3629.4,9,295,4320,0.8401388888888889,Media
2025-05-07,C,4163.1,8,303,3840,1.084140625,Saturado
2025-05-08,A,3458.1,13,325,6240,0.5541826923076923,Baja
2025-05-08,B,3310.3,8,267,3840,0.8620572916666667,Alta presión
2025-05-08,C,2739.8,7,197,3360,0.8154166666666667,Media
2025-05-09,A,3717.7999999999997,11,329,5280,0.7041287878787879,Media
2025-05-09,B,3029.0,8,259,3840,0.7888020833333333,Media
2025-05-09,C,3407.8,7,259,3360,1.0142261904761904,Saturado
2025-05-10,A,3128.6,9,271,4320,0.7242129629629629,Media
2025-05-10,B,3047.0,9,259,4320,0.705324074074074,Media
2025-05-10,C,2612.3,8,200,3840,0.6802864583333333,Baja
2025-05-11,A,3149.7,10,277,4800,0.6561874999999999,Baja
2025-05-11,B,3731.3,10,293,4800,0.7773541666666667,Media
2025-05-11,C,3923.8,9,266,4320,0.9082870370370371,Alta presión
2025-05-12,A,4713.4,13,386,6240,0.755352564102564,Media
2025-05-12,B,4342.4,10,328,4800,0.9046666666666666,Alta presión
2025-05-12,C,3686.1,9,258,4320,0.8532638888888888,Alta presión
2025-05-13,A,4897.2,11,402,5280,0.9275,Alta presión
2025-05-13,B,4064.1,9,295,4320,0.9407638888888888,Alta presión
2025-05-13,C,3594.0,8,251,3840,0.9359375,Alta presión
2025-05-14,A,3819.5,11,277,5280,0.7233901515151515,Media
2025-05-14,B,5121.7,9,370,4320,1.1855787037037036,Saturado
2025-05-14,C,4230.2,8,294,3840,1.1016145833333333,Saturado
2025-05-15,A,5182.2,11,434,5280,0.9814772727272727,Alta presión
2025-05-15,B,3118.0,9,260,4320,0.7217592592592592,Media
2025-05-15,C,4155.8,8,294,3840,1.0822395833333334,Saturado
2025-05-16,A,4443.5,12,388,5760,0.7714409722222222,Media
2025-05-16,B,3389.9,9,258,4320,0.7846990740740741,Media
2025-05-16,C,4057.9,8,276,3840,1.0567447916666668,Saturado
2025-05-17,A,3687.7,9,257,4320,0.8536342592592592,Alta presión
2025-05-17,B,3564.3,9,270,4320,0.8250694444444445,Media
2025-05-17,C,3443.4,9,227,4320,0.7970833333333334,Media
2025-05-18,A,5297.4,12,370,5760,0.9196875,Alta presión
2025-05-18,B,4140.7,10,285,4800,0.8626458333333333,Alta presión
2025-05-18,C,3243.2,8,236,3840,0.8445833333333332,Media
2025-05-19,A,4502.9,11,337,5280,0.8528219696969697,Alta presión
2025-05-19,B,4159.5,9,317,4320,0.9628472222222222,Alta presión
2025-05-19,C,3748.5,8,295,3840,0.976171875,Alta presión
2025-05-20,A,4791.0,10,398,4800,0.998125,Alta presión
2025-05-20,B,3882.7,10,293,4800,0.8088958333333333,Media
2025-05-20,C,3055.9,8,202,3840,0.7958072916666666,Media
2025-05-21,A,3605.7,11,278,5280,0.6828977272727272,Baja
2025-05-21,B,4222.4,9,345,4320,0.9774074074074073,Alta presión
2025-05-21,C,4046.7,8,318,3840,1.053828125,Saturado
2025-05-22,A,3777.9,11,362,5280,0.7155113636363637,Media
2025-05-22,B,3448.4,9,296,4320,0.7982407407407408,Media
2025-05-22,C,3145.0,8,235,3840,0.8190104166666666,Media
2025-05-23,A,3869.1,12,364,5760,0.67171875,Baja
2025-05-23,B,4565.9,9,351,4320,1.0569212962962962,Saturado
2025-05-23,C,3344.2,8,245,3840,0.8708854166666666,Alta presión
2025-05-24,A,4859.7,10,343,4800,1.0124374999999999,Saturado
2025-05-24,B,4045.7,9,294,4320,0.9365046296296295,Alta presión
2025-05-24,C,4098.7,8,274,3840,1.0673697916666667,Saturado
2025-05-25,A,2890.8,9,234,4320,0.6691666666666667,Baja
2025-05-25,B,4077.8,11,315,5280,0.7723106060606061,Media
2025-05-25,C,3743.0,8,273,3840,0.9747395833333333,Alta presión
2025-05-26,A,4394.9,10,325,4800,0.9156041666666666,Alta presión
2025-05-26,B,3637.5,9,287,4320,0.8420138888888888,Media
2025-05-26,C,3561.4,8,257,3840,0.9274479166666667,Alta presión
2025-05-27,A,4336.1,11,369,5280,0.8212310606060607,Media
2025-05-27,B,3294.8,11,234,5280,0.6240151515151515,Baja
2025-05-27,C,3548.2,8,240,3840,0.9240104166666666,Alta presión
2025-05-28,A,3616.6,10,269,4800,0.7534583333333333,Media
2025-05-28,B,4650.0,17,300,8160,0.5698529411764706,Baja
2025-05-28,C,3328.2,7,267,3360,0.9905357142857142,Alta presión
2025-05-29,A,3368.0,10,289,4800,0.7016666666666667,Media
2025-05-29,B,3727.3,17,285,8160,0.45677696078431373,Baja
2025-05-29,C,2908.3,8,202,3840,0.7573697916666667,Media
2025-05-30,A,3001.0,11,241,5280,0.5683712121212121,Baja
2025-05-30,B,4006.8,10,287,4800,0.83475,Media
2025-05-30,C,3577.9,8,262,3840,0.9317447916666667,Alta presión
2025-05-31,A,3953.7,10,278,4800,0.8236875,Media
2025-05-31,B,3929.6,9,304,4320,0.9096296296296296,Alta presión
2025-05-31,C,3576.0,9,261,4320,0.8277777777777777,Media
2025-06-01,A,3261.4,11,266,5280,0.6176893939393939,Baja
2025-06-01,B,3956.8,9,294,4320,0.9159259259259259,Alta presión
2025-06-01,C,3816.9,9,262,4320,0.8835416666666667,Alta presión
2025-06-02,A,4717.1,11,366,5280,0.8933901515151516,Alta presión
2025-06-02,B,5100.4,9,388,4320,1.1806481481481481,Saturado
2025-06-02,C,3049.2,8,213,3840,0.7940625,Media
2025-06-03,A,4702.5,11,343,5280,0.890625,Alta presión
2025-06-03,B,3901.1,10,311,4800,0.8127291666666666,Media
2025-06-03,C,3183.8,8,225,3840,0.8291145833333334,Media
2025-06-04,A,4951.8,10,331,4800,1.031625,Saturado
2025-06-04,B,3705.0,12,266,5760,0.6432291666666666,Baja
2025-06-04,C,3784.5,8,268,3840,0.985546875,Alta presión
2025-06-05,A,3816.7,11,342,5280,0.7228598484848484,Media
2025-06-05,B,3626.1,9,257,4320,0.839375,Media
2025-06-05,C,3724.0,8,240,3840,0.9697916666666667,Alta presión
2025-06-06,A,3930.3,11,331,5280,0.744375,Media
2025-06-06,B,4545.3,10,326,4800,0.9469375,Alta presión
2025-06-06,C,3717.7,8,282,3840,0.9681510416666667,Alta presión
2025-06-07,A,4411.4,9,328,4320,1.0211574074074072,Saturado
2025-06-07,B,3603.5,9,264,4320,0.8341435185185185,Media
2025-06-07,C,3741.8,9,244,4320,0.8661574074074074,Alta presión
2025-06-08,A,4046.5,13,343,6240,0.6484775641025641,Baja
2025-06-08,B,3951.1,10,300,4800,0.8231458333333334,Media
2025-06-08,C,3107.9,11,256,5280,0.5886174242424242,Baja
2025-06-09,A,3857.1,12,332,5760,0.6696354166666667,Baja
2025-06-09,B,4130.8,10,301,4800,0.8605833333333334,Alta presión
2025-06-09,C,4569.5,9,324,4320,1.0577546296296296,Saturado
2025-06-10,A,4215.4,11,388,5280,0.7983712121212121,Media
2025-06-10,B,3127.9,10,246,4800,0.6516458333333334,Baja
2025-06-10,C,2087.6,8,157,3840,0.5436458333333333,Baja
2025-06-11,A,4671.9,14,339,6720,0.6952232142857142,Baja
2025-06-11,B,3601.8,12,280,5760,0.6253125,Baja
2025-06-11,C,3154.3,8,228,3840,0.8214322916666668,Media
2025-06-12,A,2900.0,11,274,5280,0.5492424242424242,Baja
2025-06-12,B,2789.2,10,220,4800,0.5810833333333333,Baja
2025-06-12,C,3763.9,7,283,3360,1.1202083333333333,Saturado
2025-06-13,A,3978.9,14,338,6720,0.5920982142857143,Baja
2025-06-13,B,2917.7,11,240,5280,0.552594696969697,Baja
2025-06-13,C,3041.0,7,246,3360,0.9050595238095238,Alta presión
2025-06-14,A,2911.0,9,246,4320,0.6738425925925926,Baja
2025-06-14,B,2784.8,9,235,4320,0.6446296296296297,Baja
2025-06-14,C,2735.2,7,218,3360,0.814047619047619,Media
2025-06-15,A,2848.7,9,239,4320,0.6594212962962962,Baja
2025-06-15,B,3183.0,11,256,5280,0.602840909090909,Baja
2025-06-15,C,3039.1,8,236,3840,0.7914322916666666,Media
2025-06-16,A,4116.3,11,346,5280,0.7796022727272728,Media
2025-06-16,B,3619.6,9,284,4320,0.8378703703703704,Media
2025-06-16,C,3496.1,7,280,3360,1.0405059523809523,Saturado
2025-06-17,A,3923.9,13,340,6240,0.6288301282051282,Baja
2025-06-17,B,3173.9,12,274,5760,0.5510243055555556,Baja
2025-06-17,C,3127.7,7,228,3360,0.9308630952380952,Alta presión
2025-06-18,A,3789.1,12,311,5760,0.6578298611111111,Baja
2025-06-18,B,3957.4,12,299,5760,0.6870486111111112,Baja
2025-06-18,C,2932.1,8,244,3840,0.7635677083333333,Media
2025-06-19,A,3230.6,10,327,4800,0.6730416666666666,Baja
2025-06-19,B,3675.1,11,297,5280,0.6960416666666667,Baja
2025-06-19,C,3135.2,9,202,4320,0.7257407407407407,Media
2025-06-20,A,4302.9,13,393,6240,0.6895673076923077,Baja
2025-06-20,B,3395.1,9,268,4320,0.7859027777777777,Media
2025-06-20,C,3004.6,9,239,4320,0.6955092592592592,Baja
2025-06-21,A,3471.7,9,292,4320,0.8036342592592592,Media
2025-06-21,B,3124.9,10,253,4800,0.6510208333333334,Baja
2025-06-21,C,3347.3,9,232,4320,0.774837962962963,Media
2025-06-22,A,3237.9,10,292,4800,0.6745625000000001,Baja
2025-06-22,B,3754.6,10,300,4800,0.7822083333333333,Media
2025-06-22,C,2877.5,9,220,4320,0.6660879629629629,Baja
2025-06-23,A,3911.9,13,349,6240,0.6269070512820513,Baja
2025-06-23,B,3520.1,9,288,4320,0.814837962962963,Media
2025-06-23,C,3258.2,10,233,4800,0.6787916666666667,Baja
2025-06-24,A,4319.3,12,377,5760,0.7498784722222223,Media
2025-06-24,B,2799.3,9,228,4320,0.6479861111111112,Baja
2025-06-24,C,3887.9,8,278,3840,1.0124739583333333,Saturado
2025-06-25,A,3526.9,12,281,5760,0.6123090277777778,Baja
2025-06-25,B,3455.3,9,267,4320,0.7998379629629631,Media
2025-06-25,C,3913.1,8,289,3840,1.0190364583333333,Saturado
2025-06-26,A,4056.8,12,368,5760,0.7043055555555556,Media
2025-06-26,B,3460.6,11,274,5280,0.6554166666666666,Baja
2025-06-26,C,3372.5,9,227,4320,0.7806712962962963,Media
2025-06-27,A,7368.7,13,394,6240,1.1808814102564102,Saturado
2025-06-27,B,3444.9,11,288,5280,0.6524431818181818,Baja
2025-06-27,C,3145.4,10,221,4800,0.6552916666666667,Baja
2025-06-28,A,3462.5,11,313,5280,0.6557765151515151,Baja
2025-06-28,B,3315.4,9,276,4320,0.7674537037037037,Media
2025-06-28,C,3463.2,8,244,3840,0.901875,Alta presión
2025-06-29,A,3833.3,10,330,4800,0.7986041666666667,Media
2025-06-29,B,3927.3,11,301,5280,0.7438068181818183,Media
2025-06-29,C,4795.1,8,320,3840,1.2487239583333334,Saturado
2025-06-30,A,4768.6,15,393,7200,0.6623055555555556,Baja
2025-06-30,B,4392.4,10,321,4800,0.9150833333333332,Alta presión
2025-06-30,C,3940.2,8,284,3840,1.02609375,Saturado
2025-07-01,A,5147.9,12,378,5760,0.8937326388888889,Alta presión
2025-07-01,B,4124.9,10,282,4800,0.8593541666666666,Alta presión
2025-07-01,C,3781.9,8,275,3840,0.9848697916666667,Alta presión
2025-07-02,A,5481.5,12,370,5760,0.9516493055555556,Alta presión
2025-07-02,B,4419.1,10,364,4800,0.9206458333333334,Alta presión
2025-07-02,C,3960.6,8,284,3840,1.03140625,Saturado
2025-07-03,A,4974.0,14,410,6720,0.7401785714285715,Media
2025-07-03,B,4013.2,11,301,5280,0.7600757575757575,Media
2025-07-03,C,3634.5,8,239,3840,0.946484375,Alta presión
2025-07-04,A,4324.6,14,353,6720,0.6435416666666667,Baja
2025-07-04,B,4302.1,9,311,4320,0.9958564814814815,Alta presión
2025-07-04,C,4223.0,8,270,3840,1.0997395833333334,Saturado
2025-07-05,A,4381.0,10,338,4800,0.9127083333333333,Alta presión
2025-07-05,B,4918.8,10,341,4800,1.02475,Saturado
2025-07-05,C,3280.7,8,237,3840,0.8543489583333332,Alta presión
2025-07-06,A,4164.2,12,330,5760,0.7229513888888889,Media
2025-07-06,B,4274.1,12,321,5760,0.74203125,Media
2025-07-06,C,3206.4,8,221,3840,0.8350000000000001,Media
2025-07-07,A,4771.3,12,367,5760,0.8283506944444444,Media
2025-07-07,B,4600.2,10,329,4800,0.958375,Alta presión
2025-07-07,C,3714.4,10,278,4800,0.7738333333333334,Media
2025-07-08,A,5228.0,12,431,5760,0.9076388888888889,Alta presión
2025-07-08,B,4083.8,13,295,6240,0.6544551282051282,Baja
2025-07-08,C,3275.8,8,235,3840,0.8530729166666667,Alta presión
2025-07-09,A,5164.9,13,352,6240,0.8277083333333333,Media
2025-07-09,B,4778.1,11,324,5280,0.9049431818181819,Alta presión
2025-07-09,C,4936.0,9,339,4320,1.1425925925925926,Saturado
2025-07-10,A,5055.8,13,432,6240,0.810224358974359,Media
2025-07-10,B,3952.7,9,291,4320,0.9149768518518518,Alta presión
2025-07-10,C,3713.2,8,246,3840,0.9669791666666666,Alta presión
2025-07-11,A,3989.8,12,354,5760,0.6926736111111111,Baja
2025-07-11,B,3856.4,11,317,5280,0.7303787878787878,Media
2025-07-11,C,3786.8,8,285,3840,0.9861458333333334,Alta presión
2025-07-12,A,3320.4,9,296,4320,0.7686111111111111,Media
2025-07-12,B,3244.4,10,266,4800,0.6759166666666667,Baja
2025-07-12,C,2914.7,9,217,4320,0.674699074074074,Baja
2025-07-13,A,4026.1,12,349,5760,0.6989756944444444,Baja
2025-07-13,B,3741.6,11,283,5280,0.7086363636363636,Media
2025-07-13,C,2837.0,8,201,3840,0.7388020833333333,Media
2025-07-14,A,4992.0,13,417,6240,0.8,Media
2025-07-14,B,4825.8,11,361,5280,0.9139772727272728,Alta presión
2025-07-14,C,3721.4,8,279,3840,0.9691145833333333,Alta presión
2025-07-15,A,6605.4,12,484,5760,1.1467708333333333,Saturado
2025-07-15,B,4242.1,11,301,5280,0.8034280303030303,Media
2025-07-15,C,3844.0,8,247,3840,1.0010416666666666,Saturado
2025-07-16,A,5110.3,12,397,5760,0.8872048611111112,Alta presión
2025-07-16,B,3970.9,10,284,4800,0.8272708333333334,Media
2025-07-16,C,3600.5,8,270,3840,0.9376302083333333,Alta presión
2025-07-17,A,5060.4,14,433,6720,0.7530357142857143,Media
2025-07-17,B,3446.8,13,278,6240,0.5523717948717949,Baja
2025-07-17,C,3173.4,8,219,3840,0.82640625,Media
2025-07-18,A,4592.5,14,381,6720,0.6834077380952381,Baja
2025-07-18,B,5237.4,10,390,4800,1.091125,Saturado
2025-07-18,C,2992.4,10,228,4800,0.6234166666666667,Baja
2025-07-19,A,4875.2,13,343,6240,0.7812820512820513,Media
2025-07-19,B,3783.9,9,290,4320,0.8759027777777778,Alta presión
2025-07-19,C,3410.5,8,233,3840,0.8881510416666667,Alta presión
2025-07-20,A,4827.3,13,380,6240,0.7736057692307693,Media
2025-07-20,B,3911.9,10,270,4800,0.8149791666666667,Media
2025-07-20,C,3524.9,8,230,3840,0.9179427083333334,Alta presión
2025-07-21,A,5176.3,12,420,5760,0.8986631944444444,Alta presión
2025-07-21,B,4351.9,12,319,5760,0.7555381944444444,Media
2025-07-21,C,4160.2,8,301,3840,1.0833854166666665,Saturado
2025-07-22,A,4705.0,13,345,6240,0.7540064102564102,Media
2025-07-22,B,3915.6,13,312,6240,0.6275,Baja
2025-07-22,C,3685.9,9,229,4320,0.8532175925925927,Alta presión
2025-07-23,A,4617.2,12,339,5760,0.8015972222222222,Media
2025-07-23,B,5246.7,14,376,6720,0.7807589285714286,Media
2025-07-23,C,3423.1,8,264,3840,0.8914322916666666,Alta presión
2025-07-24,A,4536.3,13,417,6240,0.7269711538461539,Media
2025-07-24,B,4245.1,10,307,4800,0.8843958333333334,Alta presión
2025-07-24,C,3602.4,8,232,3840,0.938125,Alta presión
2025-07-25,A,5136.9,11,406,5280,0.9728977272727272,Alta presión
2025-07-25,B,4659.9,9,334,4320,1.0786805555555554,Saturado
2025-07-25,C,4090.6,8,281,3840,1.0652604166666666,Saturado
2025-07-26,A,3704.2,13,305,6240,0.5936217948717949,Baja
2025-07-26,B,4876.4,12,347,5760,0.8465972222222221,Media
2025-07-26,C,3036.7,8,210,3840,0.7908072916666666,Media
2025-07-27,A,4106.2,11,313,5280,0.777689393939394,Media
2025-07-27,B,4311.7,11,366,5280,0.8166098484848484,Media
2025-07-27,C,3893.1,8,259,3840,1.013828125,Saturado
2025-07-28,A,5174.1,13,428,6240,0.8291826923076924,Media
2025-07-28,B,8192.6,10,561,4800,1.7067916666666667,Saturado
2025-07-28,C,3918.6,8,276,3840,1.02046875,Saturado
2025-07-29,A,5237.7,12,440,5760,0.9093229166666666,Alta presión
2025-07-29,B,3884.0,10,283,4800,0.8091666666666667,Media
2025-07-29,C,4077.6,8,258,3840,1.061875,Saturado
2025-07-30,A,5172.8,13,379,6240,0.828974358974359,Media
2025-07-30,B,5424.4,11,378,5280,1.0273484848484848,Saturado
2025-07-30,C,3636.5,8,256,3840,0.9470052083333333,Alta presión
2025-07-31,A,4539.4,13,404,6240,0.7274679487179486,Media
2025-07-31,B,3972.4,11,292,5280,0.7523484848484848,Media
2025-07-31,C,3746.2999999999997,8,251,3840,0.9755989583333332,Alta presión
2025-08-01,A,5413.7,12,470,5760,0.9398784722222222,Alta presión
2025-08-01,B,3873.4,10,306,4800,0.8069583333333333,Media
2025-08-01,C,3562.2,10,252,4800,0.7421249999999999,Media
2025-08-02,A,5823.7,13,410,6240,0.9332852564102564,Alta presión
2025-08-02,B,4050.6,11,304,5280,0.7671590909090908,Media
2025-08-02,C,2873.1,8,189,3840,0.748203125,Media
2025-08-03,A,5409.0,13,435,6240,0.8668269230769231,Alta presión
2025-08-03,B,4277.6,10,319,4800,0.8911666666666668,Alta presión
2025-08-03,C,3115.9,9,206,4320,0.7212731481481481,Media
2025-08-04,A,6191.3,14,481,6720,0.9213244047619048,Alta presión
2025-08-04,B,4994.8,9,356,4320,1.1562037037037038,Saturado
2025-08-04,C,4425.9,8,314,3840,1.152578125,Saturado
2025-08-05,A,5471.9,12,419,5760,0.9499826388888888,Alta presión
2025-08-05,B,4249.6,10,307,4800,0.8853333333333334,Alta presión
2025-08-05,C,4258.5,8,275,3840,1.108984375,Saturado
2025-08-06,A,5045.6,13,373,6240,0.8085897435897437,Media
2025-08-06,B,4332.4,12,298,5760,0.7521527777777777,Media
2025-08-06,C,3990.3,8,268,3840,1.0391406250000002,Saturado
2025-08-07,A,5107.5,14,457,6720,0.7600446428571429,Media
2025-08-07,B,4595.5,11,326,5280,0.8703598484848485,Alta presión
2025-08-07,C,3690.0,8,247,3840,0.9609375,Alta presión
2025-08-08,A,5011.6,13,444,6240,0.8031410256410257,Media
2025-08-08,B,4465.1,11,349,5280,0.8456628787878788,Media
2025-08-08,C,3328.8,8,227,3840,0.8668750000000001,Alta presión
2025-08-09,A,3954.2,12,317,5760,0.6864930555555555,Baja
2025-08-09,B,4272.6,9,320,4320,0.9890277777777778,Alta presión
2025-08-09,C,2889.9,8,210,3840,0.752578125,Media
2025-08-10,A,4871.0,11,382,5280,0.9225378787878787,Alta presión
2025-08-10,B,4769.5,9,346,4320,1.104050925925926,Saturado
2025-08-10,C,3093.0,9,232,4320,0.7159722222222222,Media
2025-08-11,A,5123.9,13,427,6240,0.8211378205128205,Media
2025-08-11,B,4600.2,11,357,5280,0.87125,Alta presión
2025-08-11,C,3822.8,8,294,3840,0.9955208333333334,Alta presión
2025-08-12,A,6127.1,14,502,6720,0.9117708333333334,Alta presión
2025-08-12,B,4389.9,9,319,4320,1.0161805555555554,Saturado
2025-08-12,C,2466.6,11,185,5280,0.4671590909090909,Baja
2025-08-13,A,5770.6,13,429,6240,0.9247756410256411,Alta presión
2025-08-13,B,4000.0,12,292,5760,0.6944444444444444,Baja
2025-08-13,C,2772.0,8,213,3840,0.721875,Media
2025-08-14,A,4872.9,13,440,6240,0.7809134615384615,Media
2025-08-14,B,3669.1,11,317,5280,0.6949053030303031,Baja
2025-08-14,C,3769.1,8,227,3840,0.9815364583333334,Alta presión
2025-08-15,A,4530.9,14,427,6720,0.6742410714285714,Baja
2025-08-15,B,4497.2,10,335,4800,0.9369166666666666,Alta presión
2025-08-15,C,4522.8,8,302,3840,1.1778125000000002,Saturado
2025-08-16,A,3236.6,10,246,4800,0.6742916666666666,Baja
2025-08-16,B,4722.9,10,342,4800,0.9839374999999999,Alta presión
2025-08-16,C,3066.3,9,200,4320,0.7097916666666667,Media
2025-08-17,A,5542.1,12,408,5760,0.9621701388888889,Alta presión
2025-08-17,B,4063.8,12,299,5760,0.7055208333333334,Media
2025-08-17,C,3867.2,8,253,3840,1.0070833333333333,Saturado
2025-08-18,A,5468.6,13,430,6240,0.8763782051282052,Alta presión
2025-08-18,B,4774.7,10,340,4800,0.9947291666666667,Alta presión
2025-08-18,C,3944.6,8,288,3840,1.0272395833333332,Saturado
2025-08-19,A,4933.2,14,404,6720,0.7341071428571428,Media
2025-08-19,B,3911.3,10,281,4800,0.8148541666666667,Media
2025-08-19,C,2500.0,8,166,3840,0.6510416666666666,Baja
2025-08-20,A,5353.3,14,393,6720,0.7966220238095238,Media
2025-08-20,B,4838.6,12,340,5760,0.8400347222222223,Media
2025-08-20,C,3414.6,9,231,4320,0.7904166666666667,Media
2025-08-21,A,5494.9,13,481,6240,0.8805929487179487,Alta presión
2025-08-21,B,3759.6,11,267,5280,0.7120454545454545,Media
2025-08-21,C,4179.6,8,268,3840,1.0884375000000002,Saturado
2025-08-22,A,4334.3,16,362,7680,0.5643619791666666,Baja
2025-08-22,B,4424.4,9,328,4320,1.0241666666666667,Saturado
2025-08-22,C,2925.7,8,240,3840,0.7619010416666666,Media
2025-08-23,A,4362.9,12,320,5760,0.7574479166666666,Media
2025-08-23,B,3945.9,10,293,4800,0.8220625,Media
2025-08-23,C,3246.3,8,223,3840,0.8453906250000001,Media
2025-08-24,A,4053.3,11,335,5280,0.7676704545454546,Media
2025-08-24,B,3738.2,9,276,4320,0.8653240740740741,Alta presión
2025-08-24,C,3271.9,9,252,4320,0.7573842592592592,Media
2025-08-25,A,6503.2,13,517,6240,1.0421794871794872,Saturado
2025-08-25,B,4220.1,10,323,4800,0.8791875000000001,Alta presión
2025-08-25,C,4323.4,8,306,3840,1.1258854166666665,Saturado
2025-08-26,A,4659.1,14,387,6720,0.6933184523809525,Baja
2025-08-26,B,4724.1,10,321,4800,0.9841875000000001,Alta presión
2025-08-26,C,3145.4,8,225,3840,0.8191145833333333,Media
2025-08-27,A,5932.4,11,438,5280,1.123560606060606,Saturado
2025-08-27,B,4181.4,11,302,5280,0.7919318181818181,Media
2025-08-27,C,3805.7,8,279,3840,0.9910677083333332,Alta presión
2025-08-28,A,5195.4,12,446,5760,0.9019791666666666,Alta presión
2025-08-28,B,4076.4,10,295,4800,0.8492500000000001,Media
2025-08-28,C,3728.1,9,267,4320,0.8629861111111111,Alta presión
2025-08-29,A,5455.7,13,448,6240,0.8743108974358974,Alta presión
2025-08-29,B,4356.0,11,317,5280,0.825,Media
2025-08-29,C,3724.8,8,284,3840,0.9700000000000001,Alta presión
2025-08-30,A,4369.1,11,363,5280,0.8274810606060606,Media
2025-08-30,B,3504.7,9,267,4320,0.8112731481481481,Media
2025-08-30,C,4228.9,8,269,3840,1.1012760416666665,Saturado
2025-08-31,A,4593.5,12,367,5760,0.7974826388888889,Media
2025-08-31,B,4387.6,10,328,4800,0.9140833333333334,Alta presión
2025-08-31,C,4386.2,8,300,3840,1.1422395833333332,Saturado
2025-09-01,A,4989.9,12,404,5760,0.8663020833333333,Alta presión
2025-09-01,B,4923.7,10,354,4800,1.0257708333333333,Saturado
2025-09-01,C,3342.2,8,241,3840,0.8703645833333333,Alta presión
2025-09-02,A,4630.8,12,404,5760,0.8039583333333333,Media
2025-09-02,B,4973.5,10,335,4800,1.0361458333333333,Saturado
2025-09-02,C,2990.8,8,212,3840,0.7788541666666667,Media
2025-09-03,A,5609.2,14,417,6720,0.8347023809523809,Media
2025-09-03,B,4619.2,12,333,5760,0.8019444444444445,Media
2025-09-03,C,4009.2,8,265,3840,1.0440625,Saturado
2025-09-04,A,5966.4,12,491,5760,1.0358333333333332,Saturado
2025-09-04,B,4496.5,10,310,4800,0.9367708333333333,Alta presión
2025-09-04,C,3738.7,8,233,3840,0.9736197916666666,Alta presión
2025-09-05,A,6084.2,12,465,5760,1.0562847222222222,Saturado
2025-09-05,B,4602.2,9,333,4320,1.065324074074074,Saturado
2025-09-05,C,3600.0,8,252,3840,0.9375,Alta presión
2025-09-06,A,4771.2,11,384,5280,0.9036363636363636,Alta presión
2025-09-06,B,4750.2,10,309,4800,0.989625,Alta presión
2025-09-06,C,2765.2,9,189,4320,0.6400925925925925,Baja
2025-09-07,A,4621.4,11,338,5280,0.8752651515151515,Alta presión
2025-09-07,B,5138.3,12,323,5760,0.8920659722222223,Alta presión
2025-09-07,C,3029.9,8,192,3840,0.7890364583333334,Media
2025-09-08,A,5322.3,12,408,5760,0.9240104166666667,Alta presión
2025-09-08,B,4889.9,11,345,5280,0.9261174242424242,Alta presión
2025-09-08,C,3960.8,8,285,3840,1.0314583333333334,Saturado
2025-09-09,A,5253.4,12,438,5760,0.912048611111111,Alta presión
2025-09-09,B,5289.2,9,317,4320,1.224351851851852,Saturado
2025-09-09,C,3510.1,9,227,4320,0.8125231481481481,Media
2025-09-10,A,5840.2,14,386,6720,0.869077380952381,Alta presión
2025-09-10,B,4170.2,10,279,4800,0.8687916666666666,Alta presión
2025-09-10,C,4400.4,8,283,3840,1.1459374999999998,Saturado
2025-09-11,A,5553.5,12,447,5760,0.9641493055555556,Alta presión
2025-09-11,B,4497.7,11,315,5280,0.8518371212121212,Alta presión
2025-09-11,C,3499.5,9,204,4320,0.8100694444444444,Media
2025-09-12,A,5330.1,16,424,7680,0.6940234375000001,Baja
2025-09-12,B,5479.3,9,367,4320,1.2683564814814816,Saturado
2025-09-12,C,4559.7,8,286,3840,1.1874218749999998,Saturado
2025-09-13,A,5011.0,10,343,4800,1.0439583333333333,Saturado
2025-09-13,B,3958.4,10,254,4800,0.8246666666666667,Media
2025-09-13,C,3982.6,8,223,3840,1.0371354166666666,Saturado
2025-09-14,A,4450.6,13,333,6240,0.7132371794871796,Media
2025-09-14,B,4053.1,10,264,4800,0.8443958333333333,Media
2025-09-14,C,4847.4,8,290,3840,1.2623437499999999,Saturado
2025-09-15,A,8707.1,14,597,6720,1.2956994047619048,Saturado
2025-09-15,B,4280.0,10,301,4800,0.8916666666666667,Alta presión
2025-09-15,C,3333.8,8,227,3840,0.8681770833333334,Alta presión
2025-09-16,A,5006.0,11,396,5280,0.9481060606060606,Alta presión
2025-09-16,B,4426.2,12,290,5760,0.7684375,Media
2025-09-16,C,4385.3,8,286,3840,1.1420052083333334,Saturado
2025-09-17,A,6806.8,11,403,5280,1.2891666666666668,Saturado
2025-09-17,B,4392.5,9,275,4320,1.0167824074074074,Saturado
2025-09-17,C,4263.2,8,291,3840,1.1102083333333332,Saturado
2025-09-18,A,5237.4,11,417,5280,0.9919318181818181,Alta presión
2025-09-18,B,4770.6,10,321,4800,0.9938750000000001,Alta presión
2025-09-18,C,3634.0,9,218,4320,0.8412037037037037,Media
2025-09-19,A,3815.0,10,300,4800,0.7947916666666667,Media
2025-09-19,B,4977.3,10,326,4800,1.0369375,Saturado
2025-09-19,C,3815.4,8,262,3840,0.99359375,Alta presión
2025-09-20,A,3445.2,11,270,5280,0.6525,Baja
2025-09-20,B,3530.4,9,240,4320,0.8172222222222223,Media
2025-09-20,C,3403.4,8,233,3840,0.8863020833333334,Alta presión
2025-09-21,A,4298.4,14,353,6720,0.6396428571428571,Baja
2025-09-21,B,4006.5,9,302,4320,0.9274305555555555,Alta presión
2025-09-21,C,3531.2999999999997,10,242,4800,0.7356874999999999,Media
2025-09-22,A,6649.9,12,472,5760,1.1544965277777777,Saturado
2025-09-22,B,4468.1,10,324,4800,0.9308541666666668,Alta presión
2025-09-22,C,3509.5,8,268,3840,0.9139322916666667,Alta presión
2025-09-23,A,4779.6,13,376,6240,0.7659615384615385,Media
2025-09-23,B,4002.8,9,284,4320,0.9265740740740741,Alta presión
2025-09-23,C,3150.2,8,209,3840,0.8203645833333333,Media
2025-09-24,A,6092.4,12,391,5760,1.0577083333333333,Saturado
2025-09-24,B,4281.5,11,314,5280,0.8108901515151515,Media
2025-09-24,C,3966.8,8,267,3840,1.0330208333333333,Saturado
2025-09-25,A,4734.0,11,401,5280,0.8965909090909091,Alta presión
2025-09-25,B,4607.4,11,354,5280,0.8726136363636363,Alta presión
2025-09-25,C,3718.7,8,267,3840,0.9684114583333333,Alta presión
2025-09-26,A,4905.4,10,409,4800,1.0219583333333333,Saturado
2025-09-26,B,4870.5,9,348,4320,1.1274305555555555,Saturado
2025-09-26,C,3742.4,8,252,3840,0.9745833333333334,Alta presión
2025-09-27,A,4402.6,13,362,6240,0.7055448717948719,Media
2025-09-27,B,4617.6,9,318,4320,1.068888888888889,Saturado
2025-09-27,C,3434.4,8,224,3840,0.894375,Alta presión
2025-09-28,A,4142.6,11,342,5280,0.7845833333333334,Media
2025-09-28,B,4149.9,10,277,4800,0.8645624999999999,Alta presión
2025-09-28,C,3731.6,8,255,3840,0.9717708333333334,Alta presión
2025-09-29,A,4648.6,11,416,5280,0.8804166666666667,Alta presión
2025-09-29,B,4248.2,9,302,4320,0.9833796296296295,Alta presión
2025-09-29,C,3821.1,8,269,3840,0.9950781249999999,Alta presión
2025-09-30,A,4632.4,12,383,5760,0.804236111111111,Media
2025-09-30,B,3371.3,10,250,4800,0.7023541666666667,Media
2025-09-30,C,4067.5,8,270,3840,1.0592447916666667,Saturado
2025-10-01,A,5184.8,12,380,5760,0.9001388888888889,Alta presión
2025-10-01,B,4334.6,9,315,4320,1.0033796296296298,Saturado
2025-10-01,C,3538.4,8,237,3840,0.9214583333333334,Alta presión
2025-10-02,A,4974.3,12,424,5760,0.86359375,Alta presión
2025-10-02,B,3367.2,9,253,4320,0.7794444444444444,Media
2025-10-02,C,3697.7999999999997,8,252,3840,0.9629687499999999,Alta presión
2025-10-03,A,4650.4,14,443,6720,0.6920238095238095,Baja
2025-10-03,B,4004.3,9,316,4320,0.9269212962962964,Alta presión
2025-10-03,C,3294.0,8,229,3840,0.8578125,Alta presión
2025-10-04,A,4037.8,10,321,4800,0.8412083333333333,Media
2025-10-04,B,3906.4,10,277,4800,0.8138333333333333,Media
2025-10-04,C,4240.0,8,297,3840,1.1041666666666667,Saturado
2025-10-05,A,4021.4,11,324,5280,0.7616287878787878,Media
2025-10-05,B,3694.9,11,298,5280,0.6997916666666667,Baja
2025-10-05,C,3941.4,8,256,3840,1.02640625,Saturado
2025-10-06,A,5054.2,11,405,5280,0.9572348484848484,Alta presión
2025-10-06,B,3920.4,11,295,5280,0.7425,Media
2025-10-06,C,4178.6,8,293,3840,1.0881770833333335,Saturado
2025-10-07,A,7964.7,16,575,7680,1.0370703125,Saturado
2025-10-07,B,3538.8,10,253,4800,0.7372500000000001,Media
2025-10-07,C,3723.0,9,252,4320,0.8618055555555556,Alta presión
2025-10-08,A,5810.3,11,414,5280,1.1004356060606062,Saturado
2025-10-08,B,3812.9,9,290,4320,0.8826157407407408,Alta presión
2025-10-08,C,3742.1,8,273,3840,0.9745052083333333,Alta presión
2025-10-09,A,4565.6,13,410,6240,0.7316666666666667,Media
2025-10-09,B,4749.5,11,339,5280,0.8995265151515152,Alta presión
2025-10-09,C,3807.6,8,243,3840,0.9915625,Alta presión
2025-10-10,A,4593.2,13,401,6240,0.7360897435897436,Media
2025-10-10,B,4447.2,9,323,4320,1.0294444444444444,Saturado
2025-10-10,C,3599.7,9,258,4320,0.8332638888888888,Media
2025-10-11,A,3782.2999999999997,11,291,5280,0.7163446969696969,Media
2025-10-11,B,3504.3,9,270,4320,0.8111805555555556,Media
2025-10-11,C,2127.6,8,144,3840,0.5540625,Baja
2025-10-12,A,3279.9,11,284,5280,0.6211931818181818,Baja
2025-10-12,B,3411.3,10,253,4800,0.7106875,Media
2025-10-12,C,3197.4,8,229,3840,0.83265625,Media
2025-10-13,A,4613.4,11,430,5280,0.8737499999999999,Alta presión
2025-10-13,B,3951.5,9,316,4320,0.914699074074074,Alta presión
2025-10-13,C,3474.7999999999997,8,256,3840,0.9048958333333332,Alta presión
2025-10-14,A,5666.1,13,469,6240,0.9080288461538462,Alta presión
2025-10-14,B,3364.7,11,272,5280,0.6372537878787878,Baja
2025-10-14,C,2893.6,8,213,3840,0.7535416666666667,Media
2025-10-15,A,5158.9,13,383,6240,0.8267467948717948,Media
2025-10-15,B,2991.7,9,241,4320,0.6925231481481481,Baja
2025-10-15,C,4338.4,9,301,4320,1.0042592592592592,Saturado
2025-10-16,A,5128.8,13,448,6240,0.821923076923077,Media
2025-10-16,B,3715.0,10,295,4800,0.7739583333333333,Media
2025-10-16,C,3713.3,8,254,3840,0.9670052083333334,Alta presión
2025-10-17,A,5978.2,11,471,5280,1.1322348484848483,Saturado
2025-10-17,B,4135.8,11,308,5280,0.7832954545454546,Media
2025-10-17,C,3082.8,9,223,4320,0.7136111111111112,Media
2025-10-18,A,4186.6,13,326,6240,0.6709294871794872,Baja
2025-10-18,B,3961.1,10,282,4800,0.8252291666666667,Media
2025-10-18,C,4756.6,8,326,3840,1.2386979166666667,Saturado
2025-10-19,A,4589.6,11,388,5280,0.8692424242424243,Alta presión
2025-10-19,B,4242.8,11,279,5280,0.8035606060606061,Media
2025-10-19,C,3844.4,8,269,3840,1.0011458333333334,Saturado
2025-10-20,A,5892.6,15,426,7200,0.8184166666666667,Media
2025-10-20,B,5244.7,10,365,4800,1.0926458333333333,Saturado
2025-10-20,C,4368.4,8,286,3840,1.1376041666666665,Saturado
2025-10-21,A,4740.0,11,392,5280,0.8977272727272727,Alta presión
2025-10-21,B,4102.4,10,290,4800,0.8546666666666666,Alta presión
2025-10-21,C,4876.9,8,289,3840,1.2700260416666667,Saturado
2025-10-22,A,5657.8,13,414,6240,0.9066987179487179,Alta presión
2025-10-22,B,5773.6,13,380,6240,0.9252564102564104,Alta presión
2025-10-22,C,4486.9,8,291,3840,1.1684635416666667,Saturado
2025-10-23,A,5178.6,13,449,6240,0.8299038461538462,Media
2025-10-23,B,4382.1,10,334,4800,0.9129375000000001,Alta presión
2025-10-23,C,5186.1,8,295,3840,1.350546875,Saturado
2025-10-24,A,5552.4,11,445,5280,1.051590909090909,Saturado
2025-10-24,B,5535.0,12,372,5760,0.9609375,Alta presión
2025-10-24,C,4205.6,9,261,4320,0.9735185185185186,Alta presión
2025-10-25,A,5328.2,12,346,5760,0.9250347222222222,Alta presión
2025-10-25,B,4326.1,9,309,4320,1.0014120370370372,Saturado
2025-10-25,C,5190.9,8,347,3840,1.351796875,Saturado
2025-10-26,A,5717.5,13,435,6240,0.9162660256410257,Alta presión
2025-10-26,B,4475.4,11,299,5280,0.8476136363636363,Media
2025-10-26,C,3959.3,8,261,3840,1.0310677083333333,Saturado
2025-10-27,A,7340.4,15,546,7200,1.0194999999999999,Saturado
2025-10-27,B,5425.1,10,394,4800,1.1302291666666668,Saturado
2025-10-27,C,3789.4,8,265,3840,0.9868229166666667,Alta presión
2025-10-28,A,5697.8,12,421,5760,0.9892013888888889,Alta presión
2025-10-28,B,5360.6,10,356,4800,1.1167916666666668,Saturado
2025-10-28,C,3967.9,8,261,3840,1.0333072916666668,Saturado
2025-10-29,A,5391.6,12,386,5760,0.9360416666666668,Alta presión
2025-10-29,B,4254.8,11,317,5280,0.8058333333333334,Media
2025-10-29,C,4738.2,8,299,3840,1.23390625,Saturado
2025-10-30,A,6059.4,13,514,6240,0.9710576923076922,Alta presión
2025-10-30,B,3481.1,10,274,4800,0.7252291666666667,Media
2025-10-30,C,4844.3,9,319,4320,1.1213657407407407,Saturado
2025-10-31,A,4571.4,13,402,6240,0.7325961538461538,Media
2025-10-31,B,4176.4,11,315,5280,0.7909848484848484,Media
2025-10-31,C,4619.3,8,321,3840,1.2029427083333333,Saturado
2025-11-01,A,4213.0,11,330,5280,0.7979166666666667,Media
2025-11-01,B,3936.9,11,287,5280,0.745625,Media
2025-11-01,C,3252.4,8,233,3840,0.8469791666666667,Media
2025-11-02,A,4919.6,12,390,5760,0.8540972222222223,Alta presión
2025-11-02,B,3533.2,9,258,4320,0.8178703703703704,Media
2025-11-02,C,4750.1,9,313,4320,1.0995601851851853,Saturado
2025-11-03,A,4662.4,12,393,5760,0.8094444444444444,Media
2025-11-03,B,4102.4,10,302,4800,0.8546666666666666,Alta presión
2025-11-03,C,4142.6,9,281,4320,0.9589351851851853,Alta presión
2025-11-04,A,6655.5,12,489,5760,1.15546875,Saturado
2025-11-04,B,4380.6,11,329,5280,0.829659090909091,Media
2025-11-04,C,4327.1,8,298,3840,1.1268489583333334,Saturado
2025-11-05,A,4992.6,12,377,5760,0.8667708333333334,Alta presión
2025-11-05,B,4750.7,10,556,4800,0.9897291666666667,Alta presión
2025-11-05,C,4529.7,7,302,3360,1.348125,Saturado
2025-11-06,A,6183.7,13,490,6240,0.9909775641025641,Alta presión
2025-11-06,B,4548.6,10,325,4800,0.947625,Alta presión
2025-11-06,C,4919.7,7,305,3360,1.4641964285714286,Saturado
2025-11-07,A,6873.3,11,521,5280,1.3017613636363636,Saturado
2025-11-07,B,5230.5,10,334,4800,1.0896875,Saturado
2025-11-07,C,4095.7,7,251,3360,1.2189583333333334,Saturado
2025-11-08,A,5122.3,10,355,4800,1.0671458333333335,Saturado
2025-11-08,B,4914.0,10,335,4800,1.02375,Saturado
2025-11-08,C,3419.7,8,221,3840,0.890546875,Alta presión
2025-11-09,A,5337.0,12,404,5760,0.9265625,Alta presión
2025-11-09,B,4945.8,11,325,5280,0.9367045454545455,Alta presión
2025-11-09,C,3940.8,8,257,3840,1.02625,Saturado
2025-11-10,A,7659.0,15,531,7200,1.06375,Saturado
2025-11-10,B,4625.0,11,330,5280,0.8759469696969697,Alta presión
2025-11-10,C,5245.1,8,354,3840,1.3659114583333334,Saturado
2025-11-11,A,5489.0,14,392,6720,0.8168154761904762,Media
2025-11-11,B,4680.1,13,321,6240,0.7500160256410257,Media
2025-11-11,C,3775.4,8,252,3840,0.9831770833333333,Alta presión
2025-11-12,A,7462.3,12,466,5760,1.2955381944444444,Saturado
2025-11-12,B,4901.1,11,349,5280,0.9282386363636365,Alta presión
2025-11-12,C,4098.7,8,260,3840,1.0673697916666667,Saturado
2025-11-13,A,4935.3,13,342,6240,0.7909134615384615,Media
2025-11-13,B,5293.6,12,340,5760,0.9190277777777779,Alta presión
2025-11-13,C,4213.5,8,262,3840,1.097265625,Saturado
2025-11-14,A,6201.2,14,436,6720,0.922797619047619,Alta presión
2025-11-14,B,5588.5,11,354,5280,1.0584280303030302,Saturado
2025-11-14,C,4192.2,8,291,3840,1.0917187499999998,Saturado
2025-11-15,A,5568.5,11,366,5280,1.0546401515151516,Saturado
2025-11-15,B,4607.5,11,314,5280,0.8726325757575758,Alta presión
2025-11-15,C,4544.3,8,284,3840,1.1834114583333333,Saturado
2025-11-16,A,5030.8,11,349,5280,0.9528030303030304,Alta presión
2025-11-16,B,5039.2,11,342,5280,0.9543939393939394,Alta presión
2025-11-16,C,4173.0,9,272,4320,0.9659722222222222,Alta presión
2025-11-17,A,5540.6,12,426,5760,0.9619097222222223,Alta presión
2025-11-17,B,5200.3,12,350,5760,0.9028298611111112,Alta presión
2025-11-17,C,4346.0,9,295,4320,1.0060185185185184,Saturado
2025-11-18,A,6108.6,14,427,6720,0.9090178571428572,Alta presión
2025-11-18,B,4523.4,12,296,5760,0.7853125,Media
2025-11-18,C,4503.7,8,304,3840,1.1728385416666667,Saturado
2025-11-19,A,5373.9,13,383,6240,0.861201923076923,Alta presión
2025-11-19,B,4612.8,10,324,4800,0.9610000000000001,Alta presión
2025-11-19,C,4689.6,8,323,3840,1.2212500000000002,Saturado
2025-11-20,A,4856.0,12,387,5760,0.8430555555555556,Media
2025-11-20,B,5183.5,10,367,4800,1.0798958333333333,Saturado
2025-11-20,C,3744.7,8,248,3840,0.9751822916666666,Alta presión
2025-11-21,A,6801.6,13,510,6240,1.09,Saturado
2025-11-21,B,5334.0,10,350,4800,1.11125,Saturado
2025-11-21,C,3528.5,9,254,4320,0.8167824074074074,Media
2025-11-22,A,4943.3,10,363,4800,1.0298541666666667,Saturado
2025-11-22,B,4377.2,10,294,4800,0.9119166666666666,Alta presión
2025-11-22,C,3888.0,9,249,4320,0.9,Alta presión
2025-11-23,A,5110.8,12,374,5760,0.8872916666666667,Alta presión
2025-11-23,B,5103.0,10,361,4800,1.063125,Saturado
2025-11-23,C,3941.4,8,265,3840,1.02640625,Saturado
2025-11-24,A,5957.9,12,411,5760,1.0343576388888889,Saturado
2025-11-24,B,5207.2,12,375,5760,0.9040277777777778,Alta presión
2025-11-24,C,4025.3,8,286,3840,1.0482552083333334,Saturado
2025-11-25,A,5132.4,10,346,4800,1.06925,Saturado
2025-11-25,B,5074.5,10,349,4800,1.0571875,Saturado
2025-11-25,C,3802.8,9,249,4320,0.8802777777777778,Alta presión
2025-11-26,A,7124.7,12,449,5760,1.2369270833333332,Saturado
2025-11-26,B,4159.0,10,309,4800,0.8664583333333333,Alta presión
2025-11-26,C,4011.3,8,256,3840,1.044609375,Saturado
2025-11-27,A,5659.0,11,474,5280,1.071780303030303,Saturado
2025-11-27,B,4114.1,10,291,4800,0.8571041666666668,Alta presión
2025-11-27,C,3605.2,9,242,4320,0.834537037037037,Media
2025-11-28,A,6198.8,11,398,5280,1.1740151515151516,Saturado
2025-11-28,B,4450.5,10,305,4800,0.9271875,Alta presión
2025-11-28,C,3633.8,8,245,3840,0.9463020833333334,Alta presión
2025-11-29,A,4985.2,10,354,4800,1.0385833333333332,Saturado
2025-11-29,B,4247.3,10,334,4800,0.8848541666666667,Alta presión
2025-11-29,C,4133.4,8,272,3840,1.07640625,Saturado
2025-11-30,A,5625.7,13,431,6240,0.9015544871794872,Alta presión
2025-11-30,B,3946.4,11,268,5280,0.7474242424242424,Media
2025-11-30,C,3203.4,8,211,3840,0.83421875,Media
2025-12-01,A,6487.7,13,459,6240,1.0396955128205128,Saturado
2025-12-01,B,3900.3,11,285,5280,0.7386931818181819,Media
2025-12-01,C,3558.8,8,256,3840,0.9267708333333334,Alta presión
2025-12-02,A,5371.9,14,464,6720,0.799389880952381,Media
2025-12-02,B,3555.0,10,256,4800,0.740625,Media
2025-12-02,C,3279.8,9,244,4320,0.759212962962963,Media
2025-12-03,A,5176.7,12,341,5760,0.8987326388888889,Alta presión
2025-12-03,B,4719.5,9,338,4320,1.092476851851852,Saturado
2025-12-03,C,4205.5,9,306,4320,0.9734953703703704,Alta presión
2025-12-04,A,7140.0,14,539,6720,1.0625,Saturado
2025-12-04,B,3783.8,11,262,5280,0.7166287878787879,Media
2025-12-04,C,4319.5,8,281,3840,1.1248697916666666,Saturado
2025-12-05,A,6305.9,11,483,5280,1.1942992424242425,Saturado
2025-12-05,B,3788.1,10,262,4800,0.7891874999999999,Media
2025-12-05,C,3981.2,10,298,4800,0.8294166666666666,Media
2025-12-06,A,5047.7,10,384,4800,1.0516041666666667,Saturado
2025-12-06,B,3414.2,10,272,4800,0.7112916666666667,Media
2025-12-06,C,3267.2,8,229,3840,0.8508333333333333,Alta presión
2025-12-07,A,4062.8,11,330,5280,0.769469696969697,Media
2025-12-07,B,4643.8,13,324,6240,0.744198717948718,Media
2025-12-07,C,3148.2,8,238,3840,0.81984375,Media
2025-12-08,A,5338.8,12,394,5760,0.926875,Alta presión
2025-12-08,B,4502.4,11,328,5280,0.8527272727272727,Alta presión
2025-12-08,C,3168.6,8,232,3840,0.8251562499999999,Media
2025-12-09,A,5440.6,12,423,5760,0.9445486111111112,Alta presión
2025-12-09,B,4522.8,11,289,5280,0.8565909090909092,Alta presión
2025-12-09,C,4316.6,8,302,3840,1.1241145833333335,Saturado
2025-12-10,A,7070.4,14,469,6720,1.052142857142857,Saturado
2025-12-10,B,4586.6,11,308,5280,0.8686742424242425,Alta presión
2025-12-10,C,4588.3,8,335,3840,1.1948697916666666,Saturado
2025-12-11,A,4606.0,11,402,5280,0.8723484848484848,Alta presión
2025-12-11,B,5090.7,9,357,4320,1.1784027777777777,Saturado
2025-12-11,C,3666.6,8,234,3840,0.95484375,Alta presión
2025-12-12,A,6849.0,12,502,5760,1.1890625,Saturado
2025-12-12,B,4180.8,12,308,5760,0.7258333333333333,Media
2025-12-12,C,4104.0,8,290,3840,1.06875,Saturado
2025-12-13,A,5040.1,11,350,5280,0.954564393939394,Alta presión
2025-12-13,B,4496.1,13,327,6240,0.7205288461538462,Media
2025-12-13,C,3600.1,8,239,3840,0.9375260416666666,Alta presión
2025-12-14,A,4361.0,11,352,5280,0.8259469696969697,Media
2025-12-14,B,217.7,3,18,1440,0.15118055555555554,Baja
2025-12-14,C,5920.7,9,354,4320,1.3705324074074074,Saturado
2025-12-15,A,8245.8,13,546,6240,1.3214423076923076,Saturado
2025-12-15,B,5694.2,12,395,5760,0.9885763888888889,Alta presión
2025-12-15,C,3800.3,8,307,3840,0.9896614583333334,Alta presión
2025-12-16,A,5080.3,11,412,5280,0.9621780303030303,Alta presión
2025-12-16,B,3432.4,9,262,4320,0.794537037037037,Media
2025-12-16,C,3155.3,9,229,4320,0.7303935185185185,Media
2025-12-17,A,5366.4,12,413,5760,0.9316666666666666,Alta presión
2025-12-17,B,5211.6,10,353,4800,1.08575,Saturado
2025-12-17,C,3477.9,9,277,4320,0.8050694444444445,Media
2025-12-18,A,4715.3,11,395,5280,0.8930492424242424,Alta presión
2025-12-18,B,4641.0,14,329,6720,0.690625,Baja
2025-12-18,C,4255.4,8,306,3840,1.1081770833333333,Saturado
2025-12-19,A,5599.9,13,427,6240,0.8974198717948717,Alta presión
2025-12-19,B,4232.1,9,311,4320,0.9796527777777778,Alta presión
2025-12-19,C,4187.3,8,285,3840,1.0904427083333335,Saturado
2025-12-20,A,5574.5,14,385,6720,0.8295386904761904,Media
2025-12-20,B,4494.1,10,323,4800,0.9362708333333334,Alta presión
2025-12-20,C,3850.2,9,242,4320,0.89125,Alta presión
2025-12-21,A,4768.2,12,390,5760,0.8278125,Media
2025-12-21,B,4574.0,10,311,4800,0.9529166666666666,Alta presión
2025-12-21,C,4554.1,9,310,4320,1.054189814814815,Saturado
2025-12-22,A,5651.8,13,426,6240,0.9057371794871795,Alta presión
2025-12-22,B,5066.6,10,331,4800,1.0555416666666668,Saturado
2025-12-22,C,4202.8,8,322,3840,1.0944791666666667,Saturado
2025-12-23,A,6038.3,12,465,5760,1.0483159722222222,Saturado
2025-12-23,B,5448.2,10,346,4800,1.1350416666666667,Saturado
2025-12-23,C,4345.3,9,300,4320,1.0058564814814814,Saturado
2025-12-24,A,5587.9,12,376,5760,0.9701215277777777,Alta presión
2025-12-24,B,4524.4,9,314,4320,1.0473148148148148,Saturado
2025-12-24,C,4611.3,8,313,3840,1.200859375,Saturado
2025-12-25,A,6001.3,11,483,5280,1.1366098484848486,Saturado
2025-12-25,B,4326.2,10,312,4800,0.9012916666666666,Alta presión
2025-12-25,C,3275.1,8,225,3840,0.852890625,Alta presión
2025-12-26,A,4954.4,12,399,5760,0.8601388888888888,Alta presión
2025-12-26,B,5048.8,10,358,4800,1.0518333333333334,Saturado
2025-12-26,C,4370.5,8,289,3840,1.1381510416666667,Saturado
2025-12-27,A,4703.5,12,341,5760,0.8165798611111111,Media
2025-12-27,B,3690.4,11,262,5280,0.698939393939394,Baja
2025-12-27,C,4375.8,8,294,3840,1.13953125,Saturado
2025-12-28,A,6477.7,12,461,5760,1.1246006944444444,Saturado
2025-12-28,B,5424.6,10,366,4800,1.130125,Saturado
2025-12-28,C,3672.2,9,240,4320,0.8500462962962962,Alta presión
2025-12-29,A,5360.1,11,391,5280,1.0151704545454545,Saturado
2025-12-29,B,4981.5,10,366,4800,1.0378125,Saturado
2025-12-29,C,4223.5,8,291,3840,1.0998697916666667,Saturado
2025-12-30,A,4566.9,11,351,5280,0.8649431818181817,Alta presión
2025-12-30,B,5328.4,11,328,5280,1.0091666666666665,Saturado
2025-12-30,C,3570.9,9,278,4320,0.8265972222222222,Media
2025-12-31,A,5842.8,12,411,5760,1.014375,Saturado
2025-12-31,B,3630.0,9,272,4320,0.8402777777777778,Media
2025-12-31,C,786.5,7,56,3360,0.23407738095238095,Baja
2026-01-01,A,929.0,3,32,1440,0.6451388888888889,Baja
2026-01-01,B,343.0,3,15,1440,0.23819444444444443,Baja
2026-01-05,A,366.0,1,18,480,0.7625,Media
2026-01-05,B,12.0,1,12,480,0.025,Baja
2026-01-08,B,29.4,1,2,480,0.06125,Baja
2026-01-09,A,6.7,1,1,480,0.013958333333333333,Baja
2026-01-10,A,8.0,1,2,480,0.016666666666666666,Baja
2026-01-11,B,422.5,1,29,480,0.8802083333333334,Alta presión
2026-01-14,A,20.4,1,2,480,0.042499999999999996,Baja
2026-01-15,A,8.0,1,1,480,0.016666666666666666,Baja
2026-01-18,A,61.2,1,5,480,0.1275,Baja
